id,symbol,name,polygon_pos_contract_hash,ethereum_contract_hash,avalanche_contract_hash,solana_contract_hash,circulating_supply,total_supply,max_supply,ath,ath_date,atl,atl_date,last_updated
0x,ZRX,0x,NaN,0xe41d2489571d322189246dafa5ebde1f4699f498,0x596fa47043f99a4e0f122243b841e55375cde0d2,NaN,847496054.8122635,1000000000.0,1000000000.0,2.5,2018-01-13T00:00:00.000Z,0.120667,2020-03-13T02:27:49.563Z,2022-02-24T23:13:14.506Z
1inch,1INCH,1inch,0x9c2c5fd7b07e95ee044ddeba0e97a665f142394f,0x111111111117dc0aa78b770fa6a738034120c302,0xd501281565bf7789224523144fe5d98e8b28f267,NaN,415754007.856548,1500000000.0,1500000000.0,8.65,2021-10-27T08:24:54.808Z,0.767785,2020-12-29T16:38:53.144Z,2022-02-24T23:13:02.431Z
aave,AAVE,Aave,0xd6df932a45c0f255f85145f286ea0b292b21c90b,0x7fc66500c84a76ad7e9c93437bfc5ac33e2ddae9,0x63a72806098bd3d9520cc43356dd78afe5d386d9,NaN,13621385.98009979,16000000.0,16000000.0,661.69,2021-05-18T21:19:59.514Z,26.02,2020-11-05T09:20:11.928Z,2022-02-24T23:13:25.810Z
alchemix-usd,ALUSD,Alchemix USD,NaN,0xbc6da0fe9ad5f3b0d58160288917aa56653660e9,NaN,NaN,251218475.789897,251218475.789897,NaN,2.13,2021-03-21T19:53:32.860Z,0.060239,2021-03-19T22:40:28.697Z,2022-02-24T23:13:17.714Z
alchemy-pay,ACH,Alchemy Pay,NaN,0xed04915c23f00a313a544955524eb7dbd823143d,NaN,NaN,4069591987.033631,10000000000.0,10000000000.0,0.198666,2021-08-06T16:39:58.934Z,0.00135537,2021-07-21T00:39:36.177Z,2022-02-24T23:14:18.932Z
algorand,ALGO,Algorand,NaN,NaN,NaN,NaN,6618716922.98527,7057939125.16679,10000000000.0,3.56,2019-06-20T14:51:19.480Z,0.105336,2020-03-13T02:20:48.438Z,2022-02-24T23:14:25.891Z
amp-token,AMP,Amp,NaN,0xff20817765cb7f73d4bde2e66e067e58d11095c2,NaN,NaN,48013928909.1577,99443468745.2635,99225164238.50153,0.120813,2021-06-16T16:03:41.147Z,0.00250501,2020-11-04T13:18:12.191Z,2022-02-24T23:14:19.002Z
anchor-protocol,ANC,Anchor Protocol,NaN,0x0f3adc247e91c3c50bc08721355a41037e89bc20,NaN,NaN,256125012.321535,1000000000.0,1000000000.0,8.23,2021-03-19T08:34:07.726Z,1.26,2022-01-28T12:54:47.469Z,2022-02-24T23:14:22.561Z
ankr,ANKR,Ankr,NaN,0x8290333cef9e6d528dd5618fb97a76f268f3edd4,NaN,NaN,8162899377.791667,10000000000.0,10000000000.0,0.213513,2021-04-16T19:44:04.474Z,0.00070728,2020-03-13T02:24:03.563Z,2022-02-24T23:14:03.867Z
apenft,NFT,APENFT,NaN,0xef40b859d21e4d566a3d713e756197c021bffaaa,NaN,NaN,277080562500000.0,999990000000000.0,999990000000000.0,7.53e-06,2021-09-05T00:10:47.823Z,1.49e-06,2021-07-20T03:39:12.966Z,2022-02-24T23:13:59.050Z
api3,API3,API3,NaN,0x0b38210ea11411557c13457d4da7dc6ea731b88a,NaN,NaN,48466035.273842,111191675.01914,NaN,10.3,2021-04-07T06:54:35.507Z,1.045,2020-11-30T17:06:42.635Z,2022-02-24T23:14:12.752Z
aragon,ANT,Aragon,NaN,0xa117000000f279d81a1d3cc75430faa017fa5a2e,NaN,NaN,38063189.75369724,43030022.8197365,NaN,14.64,2021-04-06T09:35:37.795Z,0.301888,2018-11-27T00:00:00.000Z,2022-02-24T23:13:53.245Z
ardor,ARDR,Ardor,NaN,NaN,NaN,NaN,998466231.0,998466231.0,NaN,2.04,2018-01-13T00:00:00.000Z,0.008745,2016-12-06T00:00:00.000Z,2022-02-24T23:13:32.130Z
arweave,AR,Arweave,NaN,NaN,NaN,NaN,50108502.0,64598643.0,66000000.0,89.24,2021-11-05T04:14:42.689Z,0.298788,2020-01-31T06:47:36.543Z,2022-02-24T23:13:52.457Z
asd,ASD,AscendEx Token,NaN,0xff742d05420b6aca4481f635ad8341f81a6300c2,NaN,NaN,742983477.862,742983477.862,NaN,3.26,2021-03-27T18:14:42.486Z,0.01307461,2018-12-10T00:00:00.000Z,2022-02-24T23:13:13.311Z
astar,ASTR,Astar,NaN,NaN,NaN,NaN,1568269283.0,7113061383.0,NaN,0.421574,2022-01-17T13:34:36.289Z,0.082846,2022-01-26T08:45:24.106Z,2022-02-24T23:11:55.096Z
audius,AUDIO,Audius,NaN,0x18aaa7115705e8be94bffebde57af9bfc265b998,NaN,NaN,608321992.0,1079119106.7919,1079119106.7919,4.95,2021-03-27T15:45:35.137Z,0.0437371,2020-10-23T14:56:23.999Z,2022-02-24T23:12:54.690Z
aurora-near,AURORA,Aurora,NaN,0xaaaaaa20d9e0e2461697782ef11675f668207961,NaN,NaN,22517279.0,1000000000.0,1000000000.0,35.4,2022-01-16T22:13:43.382Z,6.84,2021-11-18T17:14:43.854Z,2022-02-24T23:13:51.186Z
avalanche-2,AVAX,Avalanche,NaN,NaN,FvwEAhmxKfeiG8SnEvq42hc6whRyY3EFYAvebMqDNDGCgxN5Z,7JnHPPJBBKSTJ7iEmsiGSBcPJgbcKw28uCRXtQgimncp,245739850.136853,377752194.4695483,720000000.0,144.96,2021-11-21T14:18:56.538Z,2.8,2020-12-31T13:15:21.540Z,2022-02-24T23:13:43.404Z
axie-infinity,AXS,Axie Infinity,NaN,0xbb0e17ef65f82ab018d8edd776e8dd940327b28b,NaN,NaN,72849668.117252,270000000.0,270000000.0,164.9,2021-11-06T19:29:29.482Z,0.123718,2020-11-06T08:05:43.662Z,2022-02-24T23:14:07.124Z
baby-doge-coin,BABYDOGE,Baby Doge Coin,NaN,0xac57de9c1a09fec648e93eb98875b212db0d460b,NaN,NaN,1.5927839465879376e+17,4.2e+17,4.2e+17,6.345e-09,2022-01-16T20:24:43.758Z,9.5e-11,2021-06-09T02:48:21.787Z,2022-02-24T23:13:30.420Z
bancor,BNT,Bancor Network Token,NaN,0x1f573d6fb3f13d689ff844b4ce37794d79a7ff1c,NaN,NaN,258480278.942282,258480278.942282,258480278.942282,10.72,2018-01-09T00:00:00.000Z,0.120935,2020-03-13T02:29:21.245Z,2022-02-24T23:13:20.405Z
basic-attention-token,BAT,Basic Attention Token,0x3cef98bb43d732e2f285ee605a8158cde967d219,0x0d8775f648430679a709e98d2b0cb6250d2887ef,0x98443b96ea4b0858fdf3219cd13e98c7a4690588,NaN,1495806229.4473505,1500000000.0,1500000000.0,1.9,2021-11-28T00:23:51.354Z,0.072394,2017-07-16T00:00:00.000Z,2022-02-24T23:14:30.822Z
beefy-finance,BIFI,Beefy.Finance,0xfbdd194376de19a88118e84e279b977f165d01b8,NaN,0xd6070ae98b8069de6b494332d1a1a81b6179d960,NaN,78000.0,80000.0,80000.0,4116.95,2021-03-16T07:18:09.597Z,3.28,2020-10-14T12:57:00.538Z,2022-02-24T23:14:22.824Z
bifrost,BFC,Bifrost,NaN,0x0c7d5ae016f806603cb1782bea29ac69471cab9c,NaN,NaN,1062593844.60819,2368584074.0,2368584074.0,0.778815,2021-08-19T00:15:06.996Z,0.01634183,2021-01-03T05:20:35.561Z,2022-02-24T23:13:42.603Z
binancecoin,BNB,BNB,NaN,NaN,NaN,NaN,168137035.9,168137035.9,168137035.9,686.31,2021-05-10T07:24:17.097Z,0.0398177,2017-10-19T00:00:00.000Z,2022-02-24T23:12:57.618Z
binance-usd,BUSD,Binance USD,0x9fb83c0635de2e815fd1c21b3a292277540c2e8d,0x4fabb145d64652a948d72533023f6e7a623c7c53,0x19860ccb0a68fd4213ab9d8266f7bbf05a8dde98,NaN,18554015737.18,18554015737.18,NaN,1.15,2020-03-13T02:35:42.953Z,0.901127,2021-05-19T13:04:37.445Z,2022-02-24T23:14:06.503Z
bitclout,DESO,Decentralized Social,NaN,NaN,NaN,NaN,10532253.8854,10808492.6854,10808492.6854,198.68,2021-06-19T20:53:25.052Z,29.43,2022-02-24T05:56:57.507Z,2022-02-24T23:13:38.113Z
bitcoin,BTC,Bitcoin,NaN,NaN,NaN,NaN,18967481.0,21000000.0,21000000.0,69045.0,2021-11-10T14:24:11.849Z,67.81,2013-07-06T00:00:00.000Z,2022-02-24T23:14:11.857Z
bitcoin-cash,BCH,Bitcoin Cash,NaN,NaN,NaN,NaN,18992443.6466522,21000000.0,21000000.0,3785.82,2017-12-20T00:00:00.000Z,76.93,2018-12-16T00:00:00.000Z,2022-02-24T23:13:04.594Z
bitcoin-cash-sv,BSV,Bitcoin SV,NaN,NaN,NaN,NaN,18988420.394239,21000000.0,NaN,489.75,2021-04-16T17:09:04.630Z,42.02,2018-11-23T00:00:00.000Z,2022-02-24T23:13:45.664Z
bitcoin-gold,BTG,Bitcoin Gold,NaN,NaN,NaN,NaN,17513924.0,21000000.0,NaN,456.25,2017-12-20T00:00:00.000Z,4.25,2020-03-13T02:22:52.902Z,2022-02-24T23:13:21.745Z
bitdao,BIT,BitDAO,NaN,0x1a4b46696b2bb4794eb3d4c26f1c55f9170fa4c5,NaN,NaN,860090926.860899,10000000000.0,10000000000.0,3.1,2021-11-12T04:54:56.433Z,1.14,2022-02-24T11:42:34.163Z,2022-02-24T23:13:12.517Z
bitkub-coin,KUB,Bitkub Coin,NaN,NaN,NaN,NaN,88750000.02,110000000.0,110000000.0,17.24,2021-12-28T01:16:46.693Z,0.381968,2021-07-20T14:22:47.966Z,2022-02-24T23:12:50.007Z
bittorrent,BTT,BitTorrent,NaN,0xc669928185dbce49d2230cc9b0979be6dc797957,NaN,NaN,932497500000000.0,990000000000000.0,990000000000000.0,3.43e-06,2022-01-21T04:00:31.909Z,1.7e-06,2022-02-24T07:44:26.746Z,2022-02-24T23:13:39.730Z
blockstack,STX,Stacks,NaN,NaN,NaN,NaN,1052561461.68777,1352464600.0,NaN,3.39,2021-12-01T01:32:34.725Z,0.04559639,2020-03-13T02:29:26.415Z,2022-02-24T23:14:14.602Z
boba-network,BOBA,Boba Network,NaN,0x42bbfa2e77757c645eeaad1655e0911a7553efbc,NaN,NaN,158960846.86,500000000.0,500000000.0,7.93,2021-11-25T20:48:25.017Z,0.998874,2021-11-19T10:08:34.825Z,2022-02-24T23:12:43.544Z
cardano,ADA,Cardano,NaN,NaN,NaN,NaN,32066390668.4135,45000000000.0,45000000000.0,3.09,2021-09-02T06:00:10.474Z,0.01925275,2020-03-13T02:22:55.044Z,2022-02-24T23:14:14.900Z
cartesi,CTSI,Cartesi,0x2727ab1c2d22170abc9b595177b2d5c6e1ab7b7b,0x491604c0fdf08347dd1fa4ee062a822a5dd06b5d,0x6b289cceaa8639e3831095d75a3e43520fabf552,NaN,519664427.90035,1000000000.0,1000000000.0,1.74,2021-05-09T00:43:41.306Z,0.02670608,2020-05-10T04:49:27.744Z,2022-02-24T23:13:05.975Z
casper-network,CSPR,Casper Network,NaN,NaN,NaN,NaN,3941320738.0,10690998195.0,NaN,1.33,2021-05-12T00:00:00.000Z,0.052058,2021-07-15T17:26:17.697Z,2022-02-24T23:13:18.363Z
cdai,CDAI,cDAI,NaN,0x5d3a536e4d6dbd6114cc1ead35777bab948e3643,NaN,NaN,93105425338.4226,93105425338.4226,NaN,0.03159087,2020-10-12T21:29:00.007Z,0.00728854,2020-03-18T04:29:40.819Z,2022-02-24T23:13:11.323Z
celer-network,CELR,Celer Network,NaN,0x4f9254c83eb525f9fcf346490bbb3ed28a81c667,NaN,NaN,5645454935.82688,10000000000.0,10000000000.0,0.194843,2021-09-26T06:49:04.741Z,0.00095575,2020-03-13T02:24:17.287Z,2022-02-24T23:13:41.121Z
celo,CELO,Celo,NaN,NaN,NaN,NaN,407486151.0,1000000000.0,1000000000.0,9.82,2021-08-30T14:25:09.929Z,0.800156,2020-05-22T04:15:27.736Z,2022-02-24T23:14:29.499Z
celsius-degree-token,CEL,Celsius Network,0xd85d1e945766fea5eda9103f918bd915fbca63e6,0xaaaebe6fe48e54f431b0c390cfaf0b017d09d42d,NaN,NaN,423415980.3475,694345347.6871,NaN,8.05,2021-06-04T00:04:12.584Z,0.02620268,2018-12-07T00:00:00.000Z,2022-02-24T23:14:23.611Z
chainlink,LINK,Chainlink,0x53e0bca35ec356bd5dddfebbd1fc0fd03fabad39,0x514910771af9ca656af840dff83e8264ecf986ca,0x5947bb275c521040051d82396192181b413227a3,NaN,467009549.5205637,1000000000.0,1000000000.0,52.7,2021-05-10T00:13:57.214Z,0.148183,2017-11-29T00:00:00.000Z,2022-02-24T23:13:17.424Z
chia,XCH,Chia,NaN,NaN,NaN,NaN,3222508.71376103,24222272.7088518,NaN,1645.12,2021-05-15T14:24:45.107Z,68.26,2022-02-20T15:09:35.606Z,2022-02-24T23:14:02.749Z
chiliz,CHZ,Chiliz,NaN,0x3506424f91fd33084466f402d5d97f05f8e3b4af,NaN,NaN,5344064580.0,8888888888.0,8888888888.0,0.878633,2021-03-13T08:04:21.200Z,0.00410887,2019-09-28T00:00:00.000Z,2022-02-24T23:13:37.676Z
chromaway,CHR,Chromia,NaN,0x8a2279d4a90b6fe1c4b30fa660cc9f926797baa2,NaN,NaN,567369439.326204,567369439.326204,1000000000.0,1.49,2021-11-20T09:59:59.379Z,0.00874003,2020-03-13T02:25:03.256Z,2022-02-24T23:14:07.185Z
civic,CVC,Civic,NaN,0x41e5560054824ea6b0732e656e3ad64e20e94e45,NaN,NaN,670000000.0,1000000000.0,NaN,1.35,2018-01-03T00:00:00.000Z,0.01102541,2020-03-13T02:15:34.328Z,2022-02-24T23:14:04.601Z
coin98,C98,Coin98,NaN,0xae12c5930881c53715b369cec7606b70d8eb229f,NaN,C98A4nkJXhpVZNAZdHUA95RpTF3T4whtQubL3YobiUX9,185000000.0,1000000000.0,1000000000.0,6.42,2021-08-25T12:26:13.409Z,0.709314,2021-07-23T23:28:59.905Z,2022-02-24T23:14:02.990Z
coinex-token,CET,CoinEx Token,NaN,0x081f67afa0ccf8c7b17540767bbe95df2ba8d97f,NaN,NaN,3772607493.0,5868849037.61317,10000000000.0,0.150293,2018-07-03T22:04:23.838Z,0.00410696,2018-12-15T00:00:00.000Z,2022-02-24T23:13:09.630Z
coinmetro,XCM,CoinMetro,NaN,0x36ac219f90f5a6a3c77f2a7b660e3cc701f68e25,NaN,NaN,302629563.833,329999900.0,NaN,0.923577,2022-02-16T09:33:07.233Z,0.01235123,2019-05-04T00:00:00.000Z,2022-02-24T23:02:40.804Z
compound-ether,CETH,cETH,NaN,0x4ddc2d193948926d02f9b1fe9e1daa0718270ed5,NaN,NaN,57167060.4671203,57167060.4671203,NaN,97.75,2021-11-21T12:39:57.508Z,1.89,2020-03-13T02:22:33.711Z,2022-02-24T23:13:32.850Z
compound-governance-token,COMP,Compound,0x8505b9d2254a7ae468c0e9dd10ccea3a837aef5c,0xc00e94cb662c3520282e6f5717214004a7f26888,0xc3048e19e76cb9a3aa9d77d8c03c29fc906e2437,NaN,6587892.88882447,10000000.0,10000000.0,910.54,2021-05-12T02:29:08.794Z,61.32,2020-06-18T12:54:32.788Z,2022-02-24T23:12:55.639Z
compound-usd-coin,CUSDC,cUSDC,NaN,0x39aa39c021dfbae8fac545936693ac917d5e7563,NaN,NaN,115331847612.928,115331847612.928,NaN,0.058843,2020-10-21T11:24:27.820Z,0.00620705,2021-03-04T08:11:37.438Z,2022-02-24T23:13:27.914Z
compound-usdt,CUSDT,cUSDT,NaN,0xf650c3d88d12db855b8bf7d11be6c55a4e07dcc9,NaN,NaN,35942295140.2667,35942295140.2667,NaN,0.02342332,2021-05-19T15:22:06.410Z,0.0102836,2020-07-04T17:59:08.922Z,2022-02-24T23:13:14.479Z
conflux-token,CFX,Conflux,NaN,NaN,NaN,NaN,1429155167.86421,5220815009.82996,NaN,1.7,2021-03-27T03:43:35.178Z,0.076826,2020-11-10T02:36:41.248Z,2022-02-24T23:13:59.011Z
constellation-labs,DAG,Constellation,NaN,NaN,NaN,NaN,2519375507.12893,3550000000.0,NaN,0.451761,2021-08-25T23:30:00.311Z,0.00110189,2019-03-09T00:00:00.000Z,2022-02-24T23:12:07.248Z
constitutiondao,PEOPLE,ConstitutionDAO,NaN,0x7a58c0be72be218b41c608b7fe7c5bb630736c71,NaN,NaN,5062720526.51691,5062720526.51691,5062720526.51691,0.185022,2021-12-23T05:59:19.861Z,0.0009194,2021-11-21T11:33:21.508Z,2022-02-24T23:13:15.537Z
convex-crv,CVXCRV,Convex CRV,NaN,0x62b9c7356a2dc64a1969e19c23e4f579f9810aa7,NaN,NaN,186265640.875886,186265640.875886,NaN,6.48,2022-01-03T14:01:45.955Z,1.15,2021-07-21T01:07:20.175Z,2022-02-24T23:11:17.691Z
convex-finance,CVX,Convex Finance,NaN,0x4e3fbd56cd56c3e72c1403e103b45db9da5b9d2b,NaN,NaN,51620029.65660141,84883031.4548041,100000000.0,60.09,2022-01-01T18:04:03.030Z,1.9,2021-07-20T13:17:29.183Z,2022-02-24T23:14:03.660Z
cosmos,ATOM,Cosmos,NaN,NaN,NaN,NaN,288980002.250082,NaN,NaN,44.45,2022-01-17T00:34:41.497Z,1.16,2020-03-13T02:27:44.591Z,2022-02-24T23:14:09.926Z
coti,COTI,COTI,NaN,0xddb3422497e61e13543bea06989c0789117555c5,NaN,NaN,868672118.03,2000000000.0,2000000000.0,0.668634,2021-09-29T11:39:21.397Z,0.00556342,2019-11-07T10:29:26.372Z,2022-02-24T23:13:58.445Z
cratos,CRTS,Cratos,NaN,0x678e840c640f619e17848045d23072844224dd37,NaN,NaN,69000000000.0,100000000000.0,NaN,0.00747511,2021-12-24T09:42:23.529Z,0.00064321,2021-08-18T03:23:42.498Z,2022-02-24T23:12:00.917Z
creditcoin-2,CTC,Creditcoin,NaN,0xa3ee21c306a700e682abcdfe9baa6a08f3820419,NaN,NaN,207154279.0,600000000.0,NaN,8.67,2021-03-14T03:54:22.148Z,0.129318,2020-03-13T01:59:34.168Z,2022-02-24T23:14:20.798Z
crypto-com-chain,CRO,Cronos,NaN,0xa0b73e1ff0b80914ab6fe0444e65848c4c34450b,NaN,NaN,25263013692.0,30263013692.0,NaN,0.965407,2021-11-24T15:53:54.855Z,0.0121196,2019-02-08T00:00:00.000Z,2022-02-24T23:14:14.308Z
curve-dao-token,CRV,Curve DAO Token,0x172370d5cd63279efa6d502dab29171933a610af,0xd533a949740bb3306d119cc777fa900ba034cd52,NaN,NaN,391958099.3931446,1696407023.99901,3303030299.0,54.01,2020-08-14T04:53:44.010Z,0.331577,2020-11-05T13:09:50.181Z,2022-02-24T23:13:21.113Z
dai,DAI,Dai,0x8f3cf7ad23cd3cadbd9735aff958023239c6a063,0x6b175474e89094c44da98b954eedeac495271d0f,0xd586e7f844cea2f87f50152665bcbc2c279d8d70,NaN,9452279419.45973,9452279419.45973,9452279419.45973,1.22,2020-03-13T03:02:50.373Z,0.903243,2019-11-25T00:04:18.137Z,2022-02-24T23:12:57.650Z
dao-maker,DAO,DAO Maker,NaN,0x0f51bb10119727a7e5ea3538074fb341f56b09ad,NaN,NaN,88998000.0,277524000.0,277524000.0,8.71,2021-04-21T17:13:06.858Z,1.24,2021-07-22T11:15:31.791Z,2022-02-24T23:13:57.525Z
dash,DASH,Dash,NaN,NaN,NaN,NaN,10593634.9194378,18920000.0,NaN,1493.59,2017-12-20T00:00:00.000Z,0.213899,2014-02-14T00:00:00.000Z,2022-02-24T23:14:24.225Z
decentraland,MANA,Decentraland,0xa1c57f48f0deb89f569dfbe6e2b7f46d33606fd4,0x0f5d2fb29fb7d3cfee444a200298f468908cc942,NaN,NaN,1497149988.74787,2193830027.32015,2193830027.32015,5.85,2021-11-25T10:04:18.534Z,0.00923681,2017-10-31T00:00:00.000Z,2022-02-24T23:14:14.894Z
decred,DCR,Decred,NaN,NaN,NaN,NaN,13795351.5792696,21000000.0,NaN,247.35,2021-04-17T00:41:14.790Z,0.43154,2016-12-26T00:00:00.000Z,2022-02-24T23:13:53.635Z
defi-kingdoms,JEWEL,DeFi Kingdoms,NaN,NaN,NaN,NaN,68774062.7295788,341185378.125421,500000000.0,22.52,2022-01-05T08:03:35.714Z,1.23,2021-09-24T10:00:29.738Z,2022-02-24T23:14:13.026Z
dent,DENT,Dent,NaN,0x3597bfd533a99c9aa083587b074434e61eb0a258,NaN,NaN,95654960452.73587,100000000000.0,NaN,0.1006,2018-01-09T00:00:00.000Z,7.065e-05,2020-03-13T02:29:09.754Z,2022-02-24T23:12:56.983Z
digibyte,DGB,DigiByte,NaN,NaN,NaN,NaN,15122278386.1992,21000000000.0,NaN,0.178084,2021-05-01T00:19:01.967Z,3.099e-05,2015-01-14T00:00:00.000Z,2022-02-24T23:13:10.094Z
digitalbits,XDB,DigitalBits,NaN,0xb9eefc4b0d472a44be93970254df4f4016569d27,NaN,NaN,762155983.4420308,1500000000.0,NaN,0.850722,2021-11-21T17:05:47.713Z,0.00641942,2020-03-18T10:39:47.288Z,2022-02-24T23:12:57.713Z
divi,DIVI,Divi,NaN,NaN,NaN,NaN,2754091836.72877,NaN,NaN,0.183363,2021-12-02T06:47:39.220Z,0.00164792,2019-02-26T00:00:00.000Z,2022-02-24T23:12:36.727Z
dogecoin,DOGE,Dogecoin,NaN,NaN,NaN,NaN,132670764299.894,NaN,NaN,0.731578,2021-05-08T05:08:23.458Z,8.69e-05,2015-05-06T00:00:00.000Z,2022-02-24T23:13:13.432Z
dogelon-mars,ELON,Dogelon Mars,0xe0339c80ffde91f3e20494df88d4206d86024cdf,0x761d38e5ddf6ccf6cf7c55759d5210750b5d60f3,NaN,NaN,552922090798842.3,1000000000000000.0,1000000000000000.0,2.59e-06,2021-10-30T20:39:32.727Z,1.7563e-08,2021-04-23T06:09:26.872Z,2022-02-24T23:12:52.831Z
dopex,DPX,Dopex,NaN,0xeec2be5c91ae7f8a338e1e5f3b5de49d07afdc81,NaN,NaN,176698.48140237,500000.0,NaN,4215.41,2022-01-15T20:54:31.557Z,88.04,2021-06-26T08:59:55.161Z,2022-02-24T23:13:40.301Z
dydx,DYDX,dYdX,NaN,0x92d6c1e31e14520e676a687f0a93788b716beff5,NaN,NaN,82970683.20310062,1000000000.0,1000000000.0,27.86,2021-09-30T01:23:43.570Z,4.51,2022-02-24T07:34:44.718Z,2022-02-24T23:13:50.151Z
ecash,XEC,eCash,NaN,NaN,NaN,NaN,18988273423313.0,21000000000000.0,21000000000000.0,0.00038001,2021-09-04T17:09:31.137Z,1.847e-05,2021-07-20T20:49:46.212Z,2022-02-24T23:13:58.256Z
ecomi,OMI,ECOMI,NaN,0xed35af169af46a02ee13b9d79eb57d6d68c1749e,NaN,NaN,581910045187.41,750000000000.0,NaN,0.01343572,2021-03-19T17:20:53.999Z,3.37e-06,2019-11-04T10:52:42.729Z,2022-02-24T23:12:38.070Z
elrond-erd-2,EGLD,Elrond,NaN,NaN,NaN,NaN,21927249.0,23257249.0,NaN,545.64,2021-11-23T10:33:26.737Z,6.51,2020-10-07T01:44:53.554Z,2022-02-24T23:13:49.048Z
energy-web-token,EWT,Energy Web Token,NaN,NaN,NaN,NaN,41276266.9852943,66907923.7098197,100000000.0,22.67,2021-04-17T03:10:00.960Z,0.543628,2020-04-03T00:00:00.000Z,2022-02-24T23:14:21.542Z
enjincoin,ENJ,Enjin Coin,NaN,0xf629cbd94d3791c9250152bd8dfbdf380e2a3b9c,NaN,NaN,934340659.567558,1000000000.0,1000000000.0,4.82,2021-11-25T09:53:41.955Z,0.01865964,2017-11-12T00:00:00.000Z,2022-02-24T23:14:30.401Z
eos,EOS,EOS,NaN,NaN,NaN,NaN,985442776.0384,NaN,NaN,22.71,2018-04-29T07:50:33.540Z,0.5024,2017-10-23T00:00:00.000Z,2022-02-24T23:13:19.077Z
e-radix,EXRD,e-Radix,NaN,0x6468e79a80c0eab0f9a2b574c8d5bc374af59414,NaN,NaN,3960000000.0,NaN,24000000000.0,0.660211,2021-11-14T16:24:07.330Z,0.056532,2020-11-25T11:31:13.036Z,2022-02-24T23:13:42.878Z
escoin-token,ELG,Escoin Token,NaN,0xa2085073878152ac3090ea13d1e41bd69e60dc99,NaN,NaN,0.0,250000000.0,NaN,3.48,2022-02-24T20:16:51.472Z,0.00064644,2021-01-10T16:54:16.852Z,2022-02-24T23:05:57.393Z
ethereum,ETH,Ethereum,NaN,NaN,NaN,NaN,119718315.3115,NaN,NaN,4878.26,2021-11-10T14:24:19.604Z,0.432979,2015-10-20T00:00:00.000Z,2022-02-24T23:14:13.681Z
ethereum-classic,ETC,Ethereum Classic,NaN,NaN,NaN,NaN,133186824.256917,210700000.0,210700000.0,167.09,2021-05-06T18:34:22.133Z,0.615038,2016-07-25T00:00:00.000Z,2022-02-24T23:14:16.305Z
ethereum-name-service,ENS,Ethereum Name Service,NaN,0xc18360217d8f7ab5e7c516566761ea12ce7f9d72,NaN,NaN,23009904.288270764,100000000.0,100000000.0,83.4,2021-11-11T02:20:01.099Z,12.07,2022-02-24T05:55:51.023Z,2022-02-24T23:13:49.958Z
everdome,DOME,Everdome,NaN,NaN,NaN,NaN,6705955979.99,100000000000.0,100000000000.0,0.094188,2022-02-17T10:40:37.142Z,0.01673733,2022-02-08T08:32:49.958Z,2022-02-24T23:12:31.935Z
everscale,EVER,Everscale,NaN,0xdb3c2515da400e11bcaf84f3b5286f18fff1868f,NaN,NaN,919187772.0,2047252396.0,NaN,2.56,2020-10-13T21:23:14.299Z,0.167648,2020-12-27T23:18:24.412Z,2022-02-24T23:12:21.413Z
fantom,FTM,Fantom,NaN,0x4e15361fd6b4bb609fa63c81a2be19d873717870,NaN,NaN,2541152731.01,3175000000.0,3175000000.0,3.46,2021-10-28T05:19:39.845Z,0.00190227,2020-03-13T02:25:38.280Z,2022-02-24T23:13:53.417Z
fei-usd,FEI,Fei USD,NaN,0x956f47f50a910163d8bf957cf5846d573e7f87ca,NaN,NaN,556566746.9332111,557099844.256743,557099844.256743,1.11,2021-05-19T17:09:49.508Z,0.669435,2021-04-18T03:44:09.238Z,2022-02-24T23:14:14.739Z
fetch-ai,FET,Fetch.ai,NaN,0xaea46a60368a7bd060eec7df8cba43b7ef41ad85,NaN,NaN,688117804.9994855,1152997575.0,NaN,1.17,2021-09-08T02:24:24.858Z,0.00816959,2020-03-13T02:24:18.347Z,2022-02-24T23:13:21.788Z
filecoin,FIL,Filecoin,NaN,NaN,NaN,NaN,168051056.0,1970814088.0,1970814088.0,236.84,2021-04-01T13:29:41.564Z,16.76,2022-01-24T10:30:12.010Z,2022-02-24T23:13:48.819Z
flex-coin,FLEX,FLEX Coin,NaN,0xfcf8eda095e37a41e002e266daad7efc1579bc0a,NaN,NaN,78735764.894,98735764.894,98735764.894,7.56,2021-12-22T02:44:42.437Z,0.00047299,2020-08-04T11:18:39.614Z,2022-02-24T23:12:26.998Z
flow,FLOW,Flow,NaN,NaN,NaN,NaN,330613882.0,1406861617.06272,NaN,42.4,2021-04-05T13:49:10.098Z,4.33,2022-01-24T10:22:04.158Z,2022-02-24T23:14:05.037Z
frax,FRAX,Frax,0x45c32fa6df82ead1e2ef74d17b76547eddfaff89,0x853d955acef822db058eb8505911ed77f175b99e,0xd24c2ad096400b6fbcd2ad8b24e7acbc21a1da64,FR87nWEUxVgerFGhZM8Y4AggKGLnaXswr1Pd8wZ4kZcp,2653242158.00651,2653242158.00651,2653242158.00651,1.14,2021-02-07T12:55:35.766Z,0.891635,2021-12-04T05:33:57.315Z,2022-02-24T23:14:03.290Z
frax-share,FXS,Frax Share,0x1a3acf6d19267e2d3e7f898f42803e90c9219062,0x3432b6a60d23ca0dfca7761b7ab56459d9c964d0,0x214db107654ff987ad859f34125307783fc8e387,6LX8BhMQ4Sy2otmAWj7Y5sKd9YTVVUgfMsBzT6B9W7ct,57730568.56472808,99700237.5844074,99700237.5844074,42.8,2022-01-12T15:22:27.465Z,1.5,2021-06-25T16:50:51.447Z,2022-02-24T23:14:31.092Z
ftx-token,FTT,FTX Token,NaN,0x50d1c9771902476076ecfc8b2a83ad6b9355a4c9,NaN,AGFEad2et2ZJif9jaGpdMixQqvW5i81aBdvKe7PHNfz3,137818734.41874424,333688070.485972,333688070.485972,84.18,2021-09-09T16:59:43.151Z,1.15,2019-09-06T00:00:00.000Z,2022-02-24T23:14:22.548Z
fx-coin,FX,Function X,NaN,0x8c15ef5b4b21951d50e53e4fbda8298ffad25057,NaN,NaN,462998105.198022,462998105.198022,1893022625.0,2.2,2021-08-30T03:08:34.715Z,0.03475487,2020-03-13T02:29:11.980Z,2022-02-24T23:14:03.137Z
gala,GALA,Gala,NaN,0x15d4c048f83bd7e37d49ea4c83a07267ec4203da,NaN,NaN,7542496572.319239,36944571056.7182,50000000000.0,0.824837,2021-11-26T01:03:48.731Z,0.00013475,2020-12-28T08:46:48.367Z,2022-02-24T23:13:59.812Z
gatechain-token,GT,GateToken,NaN,0xe66747a101bff2dba3697199dcce5b743b454759,NaN,NaN,151758801.7378072,300000000.0,NaN,12.94,2021-05-12T11:39:16.531Z,0.25754,2020-03-13T02:18:02.481Z,2022-02-24T23:12:50.104Z
gemini-dollar,GUSD,Gemini Dollar,NaN,0x056fd409e1d7a124bd7017459dfea2f387b6d5cd,NaN,NaN,204938997.79,204938997.79,NaN,3.3,2018-10-11T17:36:21.529Z,0.78261,2018-09-29T00:00:00.000Z,2022-02-24T23:14:16.563Z
gmx,GMX,GMX,NaN,NaN,0x62edc0692bd897d2295872a9ffcac5425011c661,NaN,7376057.46285156,7376057.46285156,13250000.0,62.1,2022-01-16T16:01:00.545Z,11.77,2021-09-24T14:19:24.453Z,2022-02-24T23:14:04.941Z
gnosis,GNO,Gnosis,NaN,0x6810e776880c02933d47db1b9fc05908e5386b96,NaN,NaN,1865027.0012636958,10000000.0,10000000.0,644.2,2021-11-08T17:33:29.302Z,6.88,2020-03-13T02:24:11.825Z,2022-02-24T23:14:05.502Z
golem,GLM,Golem,NaN,0x7dd9c5cba05e151c895fde1cf355c9a1d5da6429,NaN,NaN,1000000000.0,1000000000.0,NaN,1.32,2018-04-13T09:13:22.739Z,0.00913753,2016-12-12T00:00:00.000Z,2022-02-24T23:13:34.249Z
harmony,ONE,Harmony,NaN,NaN,NaN,NaN,11718227122.1007,13156044839.793139,13156044839.793139,0.37902,2021-10-26T09:28:49.782Z,0.00127355,2020-03-13T02:24:14.005Z,2022-02-24T23:14:03.191Z
havven,SNX,Synthetix Network Token,0x50b728d8d964fd00c2d0aad81718b71311fef68a,0xc011a73ee8576fb46f5e1c5751ca3b9fe0af2a6f,0xbec243c995409e6520d7c41e404da5deba4b209b,NaN,211861198.6752884,244199074.690449,244199074.690449,28.53,2021-02-14T01:12:38.505Z,0.0347864,2019-01-06T00:00:00.000Z,2022-02-24T23:14:13.487Z
hedera-hashgraph,HBAR,Hedera,NaN,NaN,NaN,NaN,19565356901.0,50000000000.0,NaN,0.569229,2021-09-15T10:40:28.318Z,0.00986111,2020-01-02T17:30:24.852Z,2022-02-24T23:14:16.164Z
helium,HNT,Helium,NaN,NaN,NaN,NaN,100539361.984279,223000000.0,223000000.0,54.88,2021-11-12T23:08:25.301Z,0.113248,2020-04-18T00:19:10.902Z,2022-02-24T23:13:45.775Z
hive,HIVE,Hive,NaN,NaN,NaN,NaN,371261453.714,NaN,NaN,3.41,2021-11-26T01:46:11.175Z,0.087309,2020-04-06T07:35:48.099Z,2022-02-24T23:13:40.938Z
holotoken,HOT,Holo,NaN,0x6c6ee5e31d828de241282b9606c8e98ea48526e2,NaN,NaN,177619433541.141,177619433541.141,NaN,0.03126682,2021-04-05T16:04:52.608Z,0.0002202,2020-03-13T02:23:01.612Z,2022-02-24T23:13:52.475Z
humans-ai,HEART,Humans.ai,NaN,0x8fac8031e079f409135766c7d5de29cf22ef897c,NaN,NaN,0.0,7800000000.0,7800000000.0,0.278557,2021-12-26T18:32:54.961Z,0.105344,2021-12-13T12:52:09.323Z,2022-02-24T23:13:42.847Z
huobi-btc,HBTC,Huobi BTC,NaN,0x0316eb71485b0ab14103307bf65a021042c6d380,NaN,NaN,39884.082204742,39884.082204742,39884.082204742,69325.0,2021-05-10T02:33:06.038Z,11209.02,2020-10-12T03:56:16.768Z,2022-02-24T23:12:58.938Z
huobi-token,HT,Huobi Token,NaN,0x6f259637dcd74c767781e37bc6133cd6a68aa161,NaN,NaN,156124154.25441208,500000000.0,500000000.0,39.66,2021-05-12T14:42:21.586Z,0.90862,2019-01-30T00:00:00.000Z,2022-02-24T23:13:56.562Z
husd,HUSD,HUSD,NaN,0xdf574c24545e5ffecb9a659c229253d4111d87e1,NaN,NaN,224852570.411829,224852570.411829,NaN,1.25,2020-03-13T02:40:09.956Z,0.973514,2021-01-05T00:00:00.000Z,2022-02-24T23:13:42.834Z
hxro,HXRO,Hxro,NaN,0x4bd70556ae3f8a6ec6c4080a0c327b24325438f3,NaN,NaN,436496116.3235563,1000000000.0,NaN,0.800981,2021-06-05T00:59:41.210Z,0.00914678,2019-11-10T15:12:15.992Z,2022-02-24T23:14:18.320Z
icon,ICX,ICON,NaN,NaN,NaN,NaN,725035945.385343,800460000.0,NaN,13.16,2018-01-09T00:00:00.000Z,0.107465,2020-01-03T02:14:53.139Z,2022-02-24T23:13:32.442Z
illuvium,ILV,Illuvium,NaN,0x767fe9edc9e0df98e07454847909b5e959d7ca0e,NaN,NaN,642891.9682260819,7000000.0,10000000.0,1911.26,2021-11-30T15:18:57.382Z,29.23,2021-06-22T14:11:59.151Z,2022-02-24T23:14:06.220Z
immutable-x,IMX,Immutable X,NaN,0xf57e7e7c23978c3caec3c3548e3d615c346e79ff,NaN,NaN,235284001.0,2000000000.0,2000000000.0,9.52,2021-11-26T01:03:01.536Z,1.33,2022-02-24T10:39:05.300Z,2022-02-24T23:14:06.405Z
injective-protocol,INJ,Injective Protocol,NaN,0xe28b3b32b6c345a34ff64674606124dd5aceca30,NaN,NaN,48655554.33,100000000.0,100000000.0,24.89,2021-04-30T00:33:02.969Z,0.657401,2020-11-03T16:19:30.576Z,2022-02-24T23:14:06.588Z
interest-bearing-bitcoin,IBBTC,Interest Bearing Bitcoin,NaN,0xc4e15973e6ff2a35cc804c2cf9d2a1b817a8b40f,NaN,NaN,5272.91690167255,5272.91690167255,NaN,68318.0,2021-11-09T05:36:40.088Z,29386.0,2021-07-20T03:40:54.635Z,2022-02-22T09:44:49.310Z
internet-computer,ICP,Internet Computer,NaN,NaN,NaN,NaN,207438091.126542,469213710.0,469213710.0,700.65,2021-05-10T16:05:53.653Z,14.88,2022-02-24T07:39:52.750Z,2022-02-24T23:14:14.886Z
ion,ION,Ion,NaN,NaN,NaN,NaN,21294.0,21294.0,21294.0,22355.0,2022-01-16T14:21:52.507Z,871.19,2021-07-02T13:37:39.130Z,2022-02-24T23:04:11.152Z
iostoken,IOST,IOST,NaN,NaN,NaN,NaN,23052912522.9398,23052912522.9398,90000000000.0,0.129829,2018-01-24T00:00:00.000Z,0.00160309,2020-03-13T02:25:35.257Z,2022-02-24T23:13:53.030Z
iota,MIOTA,IOTA,NaN,NaN,NaN,NaN,2779530283.277761,2779530283.0,NaN,5.25,2017-12-19T00:00:00.000Z,0.081637,2020-03-13T02:22:41.168Z,2022-02-24T23:14:02.854Z
iotex,IOTX,IoTeX,NaN,NaN,NaN,NaN,9490829322.48387,9496266827.32,9496266827.32,0.255593,2021-11-13T16:54:18.643Z,0.00121576,2020-03-13T02:29:47.597Z,2022-02-24T23:14:15.493Z
joe,JOE,JOE,NaN,NaN,0x6e84a6216ea6dacc71ee8e6b0a5b7322eebc0fdd,NaN,173601769.880434,305532554.23338,500000000.0,5.09,2021-11-21T14:27:00.202Z,0.02658814,2021-08-11T14:01:35.223Z,2022-02-24T23:14:04.855Z
juno-network,JUNO,JUNO,NaN,NaN,NaN,NaN,44129582.569221,73698216.28863,185562268.0,33.98,2022-02-23T18:09:15.762Z,7.53,2021-12-18T01:59:28.685Z,2022-02-24T23:10:09.673Z
just,JST,JUST,NaN,NaN,NaN,NaN,7300425000.0,9900000000.0,9900000000.0,0.193254,2021-04-05T04:34:23.454Z,0.00476275,2020-05-09T06:08:54.872Z,2022-02-24T23:13:57.646Z
kadena,KDA,Kadena,NaN,NaN,NaN,NaN,171287601.11586,1000000000.0,1000000000.0,27.64,2021-11-11T13:22:45.731Z,0.065811,2020-03-13T02:00:28.582Z,2022-02-24T23:12:15.104Z
kava,KAVA,Kava,NaN,NaN,NaN,NaN,154093523.0,161544049.0,NaN,9.12,2021-08-30T11:10:02.948Z,0.287137,2020-03-13T02:24:16.835Z,2022-02-24T23:14:06.353Z
keep3rv1,KP3R,Keep3rV1,NaN,0x1ceb5cb57c4d4e2b2433641b95dd330a33185a44,NaN,NaN,368131.025599202,368131.025599202,368131.025599202,1995.53,2021-11-13T07:45:59.390Z,24.23,2020-10-28T09:58:45.766Z,2022-02-24T23:13:55.127Z
keep-network,KEEP,Keep Network,NaN,0x85eee30c52b0b379b046fb0f85f4f3dc3009afec,NaN,NaN,549716300.2685891,1000000000.0,1000000000.0,6.1,2020-05-15T00:00:00.000Z,0.177138,2020-11-17T03:49:09.210Z,2022-02-24T23:12:54.757Z
klay-token,KLAY,Klaytn,NaN,NaN,NaN,NaN,2635428486.2,NaN,NaN,4.34,2021-03-30T03:44:28.828Z,0.06044,2020-04-29T08:19:34.574Z,2022-02-24T23:14:15.026Z
kucoin-shares,KCS,KuCoin Token,NaN,0xf34960d9d60be18cc1d5afc1a6f012a723a28811,NaN,NaN,76128123.0,166128123.0,NaN,28.83,2021-12-01T15:09:35.541Z,0.342863,2019-02-07T00:00:00.000Z,2022-02-24T23:13:56.601Z
kusama,KSM,Kusama,NaN,NaN,NaN,NaN,8980098.074112339,10000000.0,10000000.0,621.71,2021-05-18T05:04:41.858Z,0.876572,2020-01-14T19:20:20.768Z,2022-02-24T23:14:07.481Z
kyber-network-crystal,KNC,Kyber Network Crystal,0x1c954e8fe737f99f68fa1ccda3e51ebdb291948c,0xdefa4e8a7bcba345f687a2f1456f5edd9ce97202,0x39fc9e94caeacb435842fadedecb783589f50f5f,NaN,102522603.24294408,191745078.056918,226000000.0,2.93,2021-04-22T10:10:23.299Z,1.11,2021-06-22T14:01:23.365Z,2022-02-24T23:13:53.308Z
leo-token,LEO,LEO Token,NaN,0x2af5d2ad76741191d15dfe7bf6ac92d4bd912ca3,NaN,NaN,937048932.9,985239504.0,NaN,8.14,2022-02-08T17:40:10.285Z,0.799859,2019-12-24T15:14:35.376Z,2022-02-24T23:13:51.543Z
lido-staked-sol,STSOL,Lido Staked SOL,NaN,NaN,NaN,7dHbWXmci3dT8UFYWYZweBLXgycu7Y3iL6trKn1Y7ARj,2246641.534,2246610.3622,2246610.3622,263.24,2021-11-07T01:28:34.051Z,79.54,2022-02-24T04:23:33.569Z,2022-02-24T23:13:14.573Z
link,LN,LINK,NaN,NaN,NaN,NaN,5976022.340796,6045959.0,NaN,345.88,2021-04-01T22:19:00.034Z,1.055,2018-12-26T00:00:00.000Z,2022-02-24T23:12:00.241Z
liquity-usd,LUSD,Liquity USD,0x23001f892c0c82b79303edc9b9033cd190bb21c7,0x5f98805a4e8be255a32880fdec7f6728c6568ba0,NaN,NaN,462486901.342718,462486901.342718,NaN,1.16,2021-04-05T14:47:52.665Z,0.896722,2022-01-27T09:42:06.510Z,2022-02-24T23:13:07.734Z
lisk,LSK,Lisk,NaN,NaN,NaN,NaN,144818773.0,NaN,NaN,34.92,2018-01-07T00:00:00.000Z,0.101672,2017-03-01T00:00:00.000Z,2022-02-24T23:13:03.336Z
litecoin,LTC,Litecoin,NaN,NaN,NaN,NaN,69712220.7334713,84000000.0,84000000.0,410.26,2021-05-10T03:13:07.904Z,1.15,2015-01-14T00:00:00.000Z,2022-02-24T23:13:23.874Z
livepeer,LPT,Livepeer,NaN,0x58b6a8a3302369daec383334672404ee733ab239,NaN,NaN,24918514.3779414,24918514.3779414,24918514.3779414,99.03,2021-11-09T16:58:44.554Z,0.354051,2019-10-26T22:59:09.500Z,2022-02-24T23:14:05.974Z
looksrare,LOOKS,LooksRare,NaN,0xf4d2888d29d722226fafa5d9b24f9164c092421e,NaN,NaN,245569744.03287658,393813040.0,1000000000.0,7.1,2022-01-20T19:30:02.255Z,0.816642,2022-02-24T05:49:25.980Z,2022-02-24T23:13:15.261Z
loopring,LRC,Loopring,NaN,0xbbbbca6a901c926f240b89eacb641d8aec7aeafd,NaN,NaN,1245991468.94246,1373873440.44246,1374513896.0,3.75,2021-11-10T14:59:53.164Z,0.01963893,2019-12-18T13:14:41.553Z,2022-02-24T23:14:13.976Z
lukso-token,LYXE,LUKSO Token,NaN,0xa8b919680258d369114910511cc87595aec0be6d,NaN,NaN,15205915.708856644,100000000.0,100000000.0,41.18,2021-11-04T07:31:04.430Z,0.203056,2020-07-18T10:14:36.612Z,2022-02-24T23:13:39.767Z
magic-internet-money,MIM,Magic Internet Money,0x49a0400587a7f65072c87c4910449fdcc5c47242,0x99d8a9c45b2eca8864373a26d1459e3dff1e17f3,0x130966628846bfd36ff31a822705796e8cb8c18d,NaN,2785296692.97944,2785296692.97944,NaN,1.041,2021-10-06T13:25:17.751Z,0.919196,2021-12-04T05:29:56.806Z,2022-02-24T23:14:05.480Z
maidsafecoin,MAID,MaidSafeCoin,NaN,NaN,NaN,NaN,452552412.0,452552412.0,NaN,1.37,2021-04-12T14:04:59.247Z,0.011107,2014-05-22T00:00:00.000Z,2022-02-24T23:12:09.871Z
maker,MKR,Maker,NaN,0x9f8f72aa9304c8b593d555f12ef6589cc3a579a2,0x88128fd4b259552a9a1d457f435a6527aab72d42,NaN,901310.9472893132,977631.036950888,1005577.0,6292.31,2021-05-03T21:54:29.333Z,168.36,2020-03-16T20:52:36.527Z,2022-02-24T23:13:51.395Z
mango-markets,MNGO,Mango,NaN,NaN,NaN,MangoCzJ36AjZyKwVj3VnYU4GTonjfVEnJmvvWaxLac,1022978000.0,5000000000.0,5000000000.0,0.498845,2021-09-09T18:12:55.685Z,0.141529,2022-02-03T12:30:05.313Z,2022-02-24T23:12:53.533Z
mask-network,MASK,Mask Network,0x2b9e7ccdf0f4e5b24757c1e1a80e311e34cb10c7,0x69af81e73a73b40adf4f3d4223cd9b1ece623074,NaN,NaN,47229163.0,100000000.0,100000000.0,41.45,2021-02-24T17:42:44.637Z,3.01,2021-07-20T05:41:54.872Z,2022-02-24T23:13:40.066Z
matic-network,MATIC,Polygon,0x0000000000000000000000000000000000001010,0x7d1afa7b718fb893db30a3abc0cfc608aacfebb0,NaN,NaN,6872890164.27,10000000000.0,10000000000.0,2.92,2021-12-27T02:08:34.307Z,0.00314376,2019-05-10T00:00:00.000Z,2022-02-24T23:13:22.197Z
mdex,MDX,Mdex,NaN,NaN,NaN,NaN,858448430.24087,1000000000.0,NaN,10.11,2021-02-22T07:08:38.957Z,0.203187,2022-02-24T07:36:53.531Z,2022-02-24T23:14:18.518Z
medibloc,MED,Medibloc,NaN,NaN,NaN,NaN,5382401140.0,8591975063.70395,NaN,0.351852,2021-04-02T04:29:08.791Z,0.00161437,2020-03-13T02:20:18.722Z,2022-02-24T23:12:19.104Z
metahero,HERO,Metahero,NaN,NaN,NaN,NaN,5163762889.5,9766213274.19587,10000000000.0,0.252021,2021-12-02T00:09:05.991Z,0.00537031,2021-07-13T12:51:45.202Z,2022-02-24T23:13:45.545Z
metis-token,METIS,Metis Token,NaN,0x9e32b13ce7f2e80a01932b42553652e053d6ed8e,NaN,NaN,2479789.62,4930000.0,10000000.0,323.54,2022-01-16T20:14:31.709Z,3.45,2021-05-23T17:07:45.384Z,2022-02-24T23:13:21.644Z
milk-alliance,MLK,MiL.k Alliance,NaN,NaN,NaN,NaN,221160744.0,986245419.0,1300000000.0,3.59,2021-04-05T15:10:26.250Z,0.45579,2021-06-22T13:54:09.664Z,2022-02-24T23:14:19.928Z
mimatic,MIMATIC,MAI,0xa3fa99a148fa48d14ed51d610c367c61876997f1,NaN,0x3b55e45fd6bd7d4724f5c47e0d1bcaedd059263e,9mWRABuz2x6koTPCWiCPM49WUbcrNqGTHBV9T9k7y1o7,259670316.018989,259670316.018989,NaN,1.35,2021-05-29T21:51:31.732Z,0.809109,2022-01-24T14:55:16.883Z,2022-02-24T23:14:06.648Z
mina-protocol,MINA,Mina Protocol,NaN,NaN,NaN,NaN,387020257.840039,895923532.840039,NaN,9.09,2021-06-01T01:42:37.064Z,0.925536,2021-07-21T02:30:02.124Z,2022-02-24T23:13:53.438Z
mobox,MBOX,Mobox,NaN,NaN,NaN,NaN,117907557.0,386295848.36982,1000000000.0,15.44,2021-12-01T05:07:30.486Z,0.492637,2021-06-22T13:57:49.433Z,2022-02-24T23:13:25.413Z
monero,XMR,Monero,NaN,NaN,NaN,NaN,18083912.4521394,NaN,NaN,542.33,2018-01-09T00:00:00.000Z,0.216177,2015-01-14T00:00:00.000Z,2022-02-24T23:14:07.564Z
moonbeam,GLMR,Moonbeam,NaN,NaN,NaN,NaN,184321503.0,1008834674.0,NaN,19.5,2022-01-11T14:57:46.115Z,1.9,2022-02-24T05:48:59.452Z,2022-02-24T23:14:04.922Z
moonriver,MOVR,Moonriver,NaN,NaN,NaN,NaN,3216661.0,10270520.0,10270520.0,494.26,2021-09-11T11:40:35.912Z,55.3,2022-02-24T07:40:03.867Z,2022-02-24T23:14:05.103Z
msol,MSOL,Marinade staked SOL,NaN,NaN,NaN,mSoLzYCxHdYgdzU16g5QSh3i5K3z3KZK7ytfqcJm7So,6430997.0,6430997.0,6430997.0,3541.84,2021-08-23T22:16:35.076Z,42.4,2021-08-30T10:27:09.425Z,2022-02-24T23:08:47.693Z
multichain,MULTI,Multichain,0x9fb9a33956351cf4fa040f65a13b835a3c8764e3,0x65ef703f5594d2573eb71aaf55bc0cb548492df4,0x9fb9a33956351cf4fa040f65a13b835a3c8764e3,NaN,18363292.6,100000000.0,NaN,33.64,2022-01-14T12:30:34.074Z,10.83,2022-02-24T13:44:35.779Z,2022-02-24T23:13:37.369Z
mxc,MXC,MXC,NaN,0x5ca381bbfb58f0092df149bd3d243b08b9a8386e,NaN,NaN,2437203515.4925466,2664965801.0,NaN,0.133537,2022-01-19T12:50:35.384Z,0.001109,2019-11-25T05:42:37.653Z,2022-02-24T23:13:48.487Z
mx-token,MX,MX Token,NaN,0x11eef04c884e24d9b7b4760e7476d06ddf797f36,NaN,NaN,99999999.9997,450000000.0,NaN,3.7,2021-12-02T00:59:40.216Z,0.04218457,2019-11-25T05:59:45.392Z,2022-02-24T23:13:24.104Z
nano,XNO,Nano,NaN,NaN,NaN,NaN,133248290.0,133248290.0,NaN,33.69,2018-01-02T00:00:00.000Z,0.026179,2017-07-16T00:00:00.000Z,2022-02-24T23:13:54.205Z
near,NEAR,Near,NaN,NaN,NaN,NaN,640168487.773631,1000000000.0,1000000000.0,20.44,2022-01-16T22:09:45.873Z,0.526762,2020-11-04T16:09:15.137Z,2022-02-24T23:14:06.659Z
nem,XEM,NEM,NaN,NaN,NaN,NaN,8999999999.0,8999999999.0,NaN,1.87,2018-01-07T00:00:00.000Z,8.482e-05,2015-09-05T00:00:00.000Z,2022-02-24T23:14:26.719Z
neo,NEO,NEO,NaN,NaN,NaN,NaN,70530000.0,100000000.0,NaN,198.38,2018-01-15T00:00:00.000Z,0.078349,2016-10-21T00:00:00.000Z,2022-02-24T23:13:14.746Z
nervos-network,CKB,Nervos Network,NaN,NaN,NaN,NaN,29892998503.5923,NaN,NaN,0.04370633,2021-03-31T17:08:59.155Z,0.00248711,2020-03-13T02:22:31.662Z,2022-02-24T23:13:52.712Z
neutrino,USDN,Neutrino USD,NaN,0x674c6ad92fd080e4004b2312b45f796a192d27a0,NaN,NaN,469167387.810971,469166763.375317,NaN,2.52,2021-03-17T18:34:56.998Z,0.793625,2020-03-13T03:39:36.364Z,2022-02-24T23:13:27.788Z
nexo,NEXO,NEXO,NaN,0xb62132e35a6c13ee1ee0f84dc5d40bad8d815206,NaN,NaN,560000010.0064,1000000000.0,1000000000.0,4.07,2021-05-12T14:37:47.535Z,0.04515276,2018-09-13T00:00:00.000Z,2022-02-24T23:13:20.729Z
nucypher,NU,NuCypher,NaN,0x4fe83213d56308330ec302a8bd641f1d0113a4cc,NaN,NaN,754798150.0048356,3885390081.74825,3885390081.74825,2.61,2021-10-15T08:50:14.799Z,0.062214,2020-11-27T03:03:31.701Z,2022-02-24T23:14:03.187Z
numeraire,NMR,Numeraire,NaN,0x1776e1f26f98b1a5df9cd347953a26dd3cb46671,NaN,NaN,5916894.7325217,10969923.3914776,11000000.0,93.15,2021-05-16T10:29:06.362Z,2.06,2018-11-27T00:00:00.000Z,2022-02-24T23:14:05.959Z
nxm,NXM,Nexus Mutual,NaN,0xd7c49cee7e9188cca6ad8ff264c1da2e69d4cf3b,NaN,NaN,6887755.55690608,6887755.55690608,6887755.55690608,185.97,2021-11-10T15:14:14.418Z,6.96,2020-07-22T19:54:06.406Z,2022-02-24T19:31:44.937Z
oasis-network,ROSE,Oasis Network,NaN,NaN,NaN,NaN,3490000000.0,10000000000.0,10000000000.0,0.597347,2022-01-15T03:31:11.062Z,0.03200566,2020-11-26T17:09:12.182Z,2022-02-24T23:13:54.803Z
ocean-protocol,OCEAN,Ocean Protocol,NaN,0x967da4048cd07ab37855c090aaf366e4ce1b9f48,NaN,NaN,434026836.76781356,613099141.0,NaN,1.93,2021-04-10T09:24:58.915Z,0.01284832,2019-08-11T00:00:00.000Z,2022-02-24T23:13:50.537Z
oec-token,OKT,OEC Token,NaN,NaN,NaN,NaN,15002122.0,15001904.5,41690000.0,250.53,2021-05-10T03:09:56.045Z,32.07,2022-02-24T05:45:28.036Z,2022-02-24T23:13:55.873Z
okb,OKB,OKB,NaN,0x75231f58b43240c9718dd58b4967c5114342a86c,NaN,NaN,262680011.32,300000000.0,NaN,44.01,2021-05-03T01:03:16.108Z,0.580608,2019-01-14T00:00:00.000Z,2022-02-24T23:13:40.620Z
olympus,OHM,Olympus,NaN,0x64aa3364f17a4d01c6f1751fd97c2bd3d7e7f1d5,NaN,NaN,11459396.354971359,12350403.0705542,12350403.0705542,1415.26,2021-04-25T00:00:00.000Z,44.79,2022-02-24T13:09:56.158Z,2022-02-24T23:13:51.429Z
omisego,OMG,OMG Network,NaN,0xd26114cd6ee289accf82350c8d8487fedb8a0c07,NaN,NaN,140245398.245133,140245398.245133,140245398.245133,25.62,2018-01-13T00:00:00.000Z,0.350917,2020-03-13T02:30:10.072Z,2022-02-24T23:13:23.462Z
ontology,ONT,Ontology,NaN,NaN,NaN,NaN,875249524.0,1000000000.0,NaN,10.92,2018-05-03T01:43:05.844Z,0.23237,2020-03-13T02:20:48.548Z,2022-02-24T23:14:14.841Z
orbs,ORBS,Orbs,0x614389eaae0a6821dc49062d56bda3d9d45fa2ff,0xff56cc6b1e6ded347aa0b7676c85ab0b3d08b0fa,NaN,NaN,2894109620.784467,10000000000.0,NaN,0.360443,2021-03-16T10:14:34.928Z,0.00469039,2019-12-20T09:02:40.254Z,2022-02-24T23:12:32.044Z
origin-dollar,OUSD,Origin Dollar,NaN,0x2a8e1e676ec238d8a992307b495b45b3feaa5e86,NaN,NaN,179998654.054979,179998654.054979,179998654.054979,7.46,2021-05-18T18:43:44.666Z,0.145538,2020-11-17T05:38:41.319Z,2022-02-24T23:13:52.042Z
origintrail,TRAC,OriginTrail,NaN,0xaa7a9ca87d3694b5755f213b5d04094b8d0f0a6f,NaN,NaN,368284563.9797495,500000000.0,NaN,3.5,2021-11-03T18:09:57.627Z,0.00385262,2020-03-13T02:24:12.031Z,2022-02-24T23:14:04.853Z
osmosis,OSMO,Osmosis,NaN,NaN,NaN,NaN,305478068.0,325000000.0,1000000000.0,10.96,2022-01-17T00:50:05.775Z,1.24,2021-07-20T10:21:24.662Z,2022-02-24T23:14:08.919Z
pancakeswap-token,CAKE,PancakeSwap,NaN,NaN,NaN,NaN,270979892.282801,NaN,NaN,43.96,2021-04-30T10:08:22.934Z,0.194441,2020-11-03T14:29:34.165Z,2022-02-24T23:14:11.711Z
pax-gold,PAXG,PAX Gold,NaN,0x45804880de22913dafe09f4980848ece6ecbaf78,NaN,NaN,241660.482,241660.482,NaN,2241.37,2021-05-17T19:02:29.657Z,1399.64,2019-11-18T03:09:35.959Z,2022-02-24T23:13:31.837Z
paxos-standard,USDP,Pax Dollar,NaN,0x8e870d67f660d95d5be530380d0ec0bd388289e1,NaN,NaN,1018457328.26,1018457328.26,NaN,1.13,2018-10-15T07:09:12.459Z,0.863529,2021-05-19T13:14:42.046Z,2022-02-24T23:14:29.622Z
perpetual-protocol,PERP,Perpetual Protocol,NaN,0xbc396689893d065f41bc2c6ecbee5e0085233447,NaN,NaN,64262725.91986427,150000000.0,150000000.0,24.4,2021-08-30T15:06:09.177Z,0.669544,2020-11-19T05:18:13.592Z,2022-02-24T23:14:06.188Z
persistence,XPRT,Persistence,NaN,NaN,NaN,NaN,80893580.813011,129930209.635019,403308352.0,16.59,2021-05-15T07:34:28.920Z,2.37,2021-04-18T04:29:44.015Z,2022-02-24T23:12:43.340Z
pirate-chain,ARRR,Pirate Chain,NaN,NaN,NaN,NaN,190456789.96785,200000000.0,NaN,16.76,2021-04-23T18:13:27.423Z,0.00797788,2020-11-26T02:10:52.806Z,2022-02-24T23:12:18.345Z
playdapp,PLA,PlayDapp,0x8765f05adce126d70bcdf1b0a48db573316662eb,0x3a4f40631a4f906c2bad353ed06de7a5d3fcb430,NaN,NaN,302211852.0,700000000.0,NaN,3.74,2021-10-31T01:43:56.805Z,0.093206,2021-06-22T13:53:57.916Z,2022-02-24T23:13:27.091Z
plex,PLEX,PLEX,NaN,NaN,NaN,NaN,240056481.258857,414720000.0,NaN,2.45,2021-11-01T07:20:38.415Z,0.19839,2021-01-05T02:00:16.826Z,2022-02-24T23:13:39.902Z
pocket-network,POKT,Pocket Network,NaN,NaN,NaN,NaN,781962441.828189,945346647.866013,NaN,3.11,2022-01-16T07:15:26.325Z,0.694021,2022-02-24T10:34:43.329Z,2022-02-24T23:11:46.900Z
polkadot,DOT,Polkadot,NaN,NaN,NaN,NaN,1087616285.61647,1168564577.66646,NaN,54.98,2021-11-04T14:10:09.301Z,2.7,2020-08-20T05:48:11.359Z,2022-02-24T23:14:24.074Z
polymath,POLY,Polymath,NaN,0x9992ec3cf6a55b00978cddf2b27bc6882d88d1ec,NaN,NaN,898550829.6745886,1000000000.0,NaN,1.59,2018-02-20T00:00:00.000Z,0.01100606,2020-03-13T02:22:30.088Z,2022-02-24T23:13:45.741Z
power-ledger,POWR,Power Ledger,NaN,0x595832f8fc6bf59c85c527fec3740a1b7a361269,NaN,NaN,429712891.919905,1000000000.0,NaN,1.89,2018-01-07T00:00:00.000Z,0.03262537,2020-03-13T02:22:32.160Z,2022-02-24T23:14:06.978Z
pundi-x-2,PUNDIX,Pundi X,NaN,0x0fd10b9899882a6f2fcb5c371e17e70fdee00c38,NaN,NaN,258470713.099924,258470713.099924,258470713.099924,10.07,2021-03-31T06:39:32.892Z,0.60317,2021-06-22T14:01:09.171Z,2022-02-24T23:13:41.057Z
qtum,QTUM,Qtum,NaN,NaN,NaN,NaN,104056932.0,107822406.0,NaN,100.22,2018-01-06T00:00:00.000Z,0.783142,2020-03-13T02:22:57.149Z,2022-02-24T23:14:05.611Z
quant-network,QNT,Quant,NaN,0x4a220e6096b25eadb88358cb44068a3248254675,NaN,NaN,13413953.469289193,14612493.0,14612493.0,427.42,2021-09-11T09:15:00.668Z,0.215773,2018-08-23T00:00:00.000Z,2022-02-24T23:13:26.327Z
radicle,RAD,Radicle,NaN,0x31c8eacbffdd875c74b94b077895bd78cf1e64a3,NaN,NaN,41232321.919733986,99998710.0,100000000.0,27.61,2021-04-15T23:53:08.210Z,3.79,2021-07-08T00:43:33.564Z,2022-02-24T23:14:05.421Z
radio-caca,RACA,Radio Caca,NaN,0x12bb890508c125661e03b09ec06e404bc9289040,NaN,NaN,196020041774.389,432955500084.0,NaN,0.01191986,2021-11-14T09:16:57.279Z,0.00012481,2021-08-20T13:09:26.512Z,2022-02-24T23:13:45.664Z
radix,XRD,Radix,NaN,NaN,NaN,NaN,9781165618.1546,12181142623.6384,24000000000.0,0.651264,2021-11-14T16:09:27.130Z,0.086235,2021-09-13T04:50:07.104Z,2022-02-24T23:13:03.368Z
rally-2,RLY,Rally,NaN,0xf1f955016ecbcd7321c7266bccfb96c68ea5e49b,NaN,NaN,2462747327.471474,15000000000.0,15000000000.0,1.4,2021-03-31T19:48:43.422Z,0.04571443,2020-11-26T15:04:45.670Z,2022-02-24T23:13:38.037Z
rari-governance-token,RGT,Rari Governance Token,NaN,0xd291e7a03283640fdc51b121ac401383a46cc623,NaN,NaN,11255496.233072856,12485047.9944349,12485047.9944349,64.62,2021-11-05T02:35:18.635Z,0.213385,2020-11-05T19:59:44.138Z,2022-02-24T23:13:23.965Z
ravencoin,RVN,Ravencoin,NaN,NaN,NaN,NaN,10473290000.0,21000000000.0,NaN,0.285218,2021-02-20T11:19:07.791Z,0.00893232,2020-03-13T02:30:00.004Z,2022-02-24T23:13:03.014Z
raydium,RAY,Raydium,NaN,NaN,NaN,4k3Dyjzvzp8eMZWUXbBCjEvwSkkk59S5iCNLY3QrkX6R,84917799.795663,555000000.0,555000000.0,16.83,2021-09-12T20:20:23.998Z,2.36,2022-02-24T13:10:45.694Z,2022-02-24T23:14:06.748Z
reef-finance,REEF,Reef Finance,NaN,0xfe3e6a25e6b192a42a44ecddcd13796471735acf,NaN,NaN,18280715935.0,15934019762.0,20000000000.0,0.05746,2021-03-15T04:19:41.758Z,0.00668142,2021-01-13T05:58:48.590Z,2022-02-24T23:14:20.541Z
renbtc,RENBTC,renBTC,0xdbf31df14b66535af65aac99c32e9ea844e14501,0xeb4c2781e4eba804ce9a9803c67d0893436bb27d,NaN,NaN,16304.18419616,16304.18419616,16304.18419616,68977.0,2021-11-10T14:26:20.068Z,8877.48,2020-06-27T19:54:44.712Z,2022-02-24T23:13:48.443Z
render-token,RNDR,Render Token,0x61299774020da444af134c82fa83e3810b309991,0x6de037ef9ad2725eb40118bb1702ebb27e4aeb24,NaN,NaN,154278922.01806068,523997878.908783,523997878.908783,8.78,2021-11-21T10:03:19.097Z,0.03665669,2020-06-16T13:22:25.900Z,2022-02-24T23:14:11.486Z
republic-protocol,REN,REN,NaN,0x408e41876cccdc0f92210600ef50372656052a38,NaN,NaN,1000000000.0,1000000000.0,1000000000.0,1.8,2021-02-20T00:17:32.664Z,0.01548,2019-02-25T00:00:00.000Z,2022-02-24T23:13:43.878Z
request-network,REQ,Request,NaN,0x8f8221afbb33998d8584a2b05749ba73c37a938a,NaN,NaN,775024769.1965098,999876008.851911,1000000000.0,1.059,2018-01-06T00:00:00.000Z,0.00454707,2020-03-13T02:24:34.541Z,2022-02-24T23:13:34.247Z
reserve-rights-token,RSR,Reserve Rights Token,NaN,0x320623b8e4ff03373931769a31fc52a4e78b5d70,NaN,NaN,13157802676.898,100000000000.0,100000000000.0,0.117424,2021-04-16T17:45:02.062Z,0.00121354,2020-03-16T11:09:08.151Z,2022-02-24T23:14:05.247Z
ripple,XRP,XRP,NaN,NaN,NaN,NaN,47949281138.0,100000000000.0,100000000000.0,3.4,2018-01-07T00:00:00.000Z,0.00268621,2014-05-22T00:00:00.000Z,2022-02-24T23:12:30.449Z
rocket-pool,RPL,Rocket Pool,NaN,0xd33526068d116ce69f19a9ee46f0bd304f21a51f,NaN,NaN,16191801.0,18000000.0,18000000.0,59.46,2021-11-09T04:03:31.003Z,0.00884718,2018-08-28T00:00:00.000Z,2022-02-24T23:13:44.949Z
ronin,RON,Ronin,NaN,NaN,NaN,NaN,148339298.0,1000000000.0,1000000000.0,4.29,2022-01-27T13:14:36.500Z,1.74,2022-02-24T13:32:55.417Z,2022-02-24T23:12:27.476Z
safemoon,SAFEMOON,SafeMoon [OLD],NaN,NaN,NaN,NaN,0.0,1000000000000000.0,NaN,1.094e-05,2021-05-11T20:32:53.513Z,4.436e-08,2021-03-14T19:51:56.741Z,2022-02-24T23:14:05.658Z
safemoon-2,SFM,SafeMoon,NaN,NaN,NaN,NaN,566030534486.8794,1000000000000.0,NaN,0.00338272,2022-01-05T17:56:02.772Z,0.00037088,2022-01-09T05:01:20.933Z,2022-02-24T23:11:48.945Z
sapphire,SAPP,Sapphire,NaN,NaN,NaN,NaN,816795079.62905,3000000000.0,NaN,4.36,2019-05-27T10:08:25.959Z,7.194e-05,2019-12-02T06:14:42.884Z,2022-02-24T23:12:31.631Z
secret,SCRT,Secret,NaN,NaN,NaN,NaN,164214537.0,190198234.0,NaN,10.38,2021-10-28T12:44:49.785Z,0.255219,2020-11-03T06:12:33.048Z,2022-02-24T23:14:05.844Z
serum,SRM,Serum,NaN,0x476c5e26a75bd202a9683ffd34359c0cc15be0ff,NaN,SRMuApVNdxXokk5GT7XD5cUUgXMBCoAz2LHeuAoKWRt,133231781.36,1092844982.31,10161000000.0,13.78,2021-09-11T02:45:47.994Z,0.109876,2020-08-11T13:32:04.611Z,2022-02-24T23:14:05.015Z
shiba-inu,SHIB,Shiba Inu,NaN,0x95ad61b0a150d79219dcf64e1e6cc01f0b64c4ce,NaN,NaN,549147046210829.4,1000000000000000.0,NaN,8.616e-05,2021-10-28T03:54:55.568Z,5.6e-11,2020-11-28T11:26:25.838Z,2022-02-24T23:13:34.091Z
siacoin,SC,Siacoin,NaN,NaN,NaN,NaN,50211075000.0,NaN,NaN,0.092868,2018-01-06T00:00:00.000Z,1.262e-05,2015-12-28T00:00:00.000Z,2022-02-24T23:13:58.334Z
skale,SKL,SKALE,NaN,0x00c83aecc790e8a4453e5dd3b0b4b3680501a7a7,NaN,NaN,3216225835.0,4620755683.99624,7000000000.0,1.22,2021-03-12T05:14:18.439Z,0.060829,2020-12-23T22:31:29.345Z,2022-02-24T23:13:59.733Z
smooth-love-potion,SLP,Smooth Love Potion,NaN,0xcc8fa225d80b9c7d42f96e9570156c65d6caaa25,NaN,NaN,35719069168.0,NaN,NaN,0.399727,2021-07-13T10:04:32.975Z,0.00312759,2020-06-20T10:23:48.171Z,2022-02-24T23:14:16.970Z
solana,SOL,Solana,NaN,NaN,NaN,NaN,319929915.609258,508180963.57,NaN,259.96,2021-11-06T21:54:35.825Z,0.500801,2020-05-11T19:35:23.449Z,2022-02-24T23:14:16.695Z
songbird,SGB,Songbird,NaN,NaN,NaN,NaN,7664026767.226,15641095890.411,NaN,0.71334,2021-09-30T06:32:35.621Z,0.04750263,2022-02-24T06:11:58.851Z,2022-02-24T23:13:23.489Z
spell-token,SPELL,Spell Token,NaN,0x090185f2135308bad17527004364ebcc2d37e5f6,0xce1bffbd5374dac86a2893119683f4911a2f7814,NaN,83488340369.4341,196008739620.0,210000000000.0,0.03506357,2021-11-02T08:44:42.429Z,0.00029812,2021-08-05T13:00:27.077Z,2022-02-24T23:13:56.872Z
spookyswap,BOO,Spookyswap,NaN,0x55af5865807b196bd0197e0902746f31fbccfa58,0xbd83010eb60f12112908774998f65761cf9f6f9a,NaN,8755938.18358728,5739882.321973,13666000.0,39.97,2022-01-16T20:20:02.740Z,0.317649,2021-08-11T12:31:05.780Z,2022-02-24T23:13:52.794Z
staked-ether,STETH,Lido Staked Ether,NaN,0xae7ab96520de3a18e5e111b5eaab095312d7fe84,NaN,NaN,1972343.38043062,1972343.38043062,1972343.38043062,4829.57,2021-11-10T14:40:47.256Z,482.9,2020-12-22T04:08:21.854Z,2022-02-24T23:13:18.480Z
starlink,STARL,StarLink,NaN,0x8e6cd950ad6ba651f6dd608dc70e5886b1aa6b24,NaN,NaN,9979172029858.488,10000000000000.0,NaN,8.821e-05,2021-11-25T10:19:49.634Z,1.48142e-07,2021-07-01T22:57:44.002Z,2022-02-24T23:14:15.927Z
status,SNT,Status,NaN,0x744d70fdbe2ba4cf95131626614a1763df805b9e,NaN,NaN,3880483788.3096976,6804870174.0,NaN,0.684918,2018-01-03T00:00:00.000Z,0.00592935,2020-03-13T02:10:36.877Z,2022-02-24T23:13:32.919Z
stellar,XLM,Stellar,NaN,NaN,NaN,NaN,24932212834.4043,50001802161.4346,50001802161.4346,0.875563,2018-01-03T00:00:00.000Z,0.00047612,2015-03-05T00:00:00.000Z,2022-02-24T23:14:26.139Z
superfarm,SUPER,SuperFarm,0xa1428174f516f527fafdd146b883bb4428682737,0xe53ec727dbdeb9e2d5456c3be40cff031ab40a55,NaN,NaN,287331878.416917,999998077.416917,999998077.416917,4.74,2021-03-31T07:38:55.006Z,0.285633,2021-06-22T14:10:48.281Z,2022-02-24T23:13:50.022Z
sushi,SUSHI,Sushi,0x0b3f868e0be5597d5db7feb59e1cadbb0fdda50a,0x6b3595068778dd592e39a122f4f5a5cf09c90fe2,0x37b608519f91f70f2eeb0e5ed9af4061722e4f76,ChVzxWRmrTeSgwd3Ui3UumcN8KX7VK3WaD4KGeSKpypj,192789255.8554817,240546769.990225,250000000.0,23.38,2021-03-13T23:44:36.774Z,0.475381,2020-11-04T14:53:53.560Z,2022-02-24T23:13:29.646Z
swipe,SXP,Swipe,NaN,0x8ce9137d39326ad0cd6491fb5cc0cba0e089b6a9,NaN,NaN,194568788.739135,285368788.739135,285368788.739135,5.79,2021-05-03T15:29:39.372Z,0.161303,2020-03-18T13:24:48.021Z,2022-02-24T23:14:11.155Z
swissborg,CHSB,SwissBorg,NaN,0xba9d4199fab4f26efe3551d490e3821486f135ba,NaN,NaN,951754603.4742761,1000000000.0,NaN,1.64,2021-05-04T17:14:50.120Z,0.00502687,2019-07-28T00:00:00.000Z,2022-02-24T23:13:17.236Z
synapse-2,SYN,Synapse,0xf8f9efc0db77d8881500bb06ff5d6abc3070e695,0x0f2d719407fdbeff09d87557abb7232601fd9f29,0x1f1e7c893855525b303f99bdf5c3c05be09ca251,NaN,175809734.90847,NaN,250000000.0,4.92,2021-10-24T00:24:41.805Z,0.3896,2021-09-21T21:19:58.123Z,2022-02-24T23:12:45.043Z
syscoin,SYS,Syscoin,NaN,NaN,NaN,NaN,633804738.955884,888000000.0,NaN,1.3,2022-01-02T04:08:51.334Z,0.00020971,2015-02-22T00:00:00.000Z,2022-02-24T23:14:02.810Z
telcoin,TEL,Telcoin,0xdf7837de1f2fa4631d716cf2502f8b230f1dcc32,0x467bccd9d29f223bce8043b84e8c8b282827790f,NaN,NaN,61355879320.06,100000000000.0,NaN,0.064483,2021-05-11T00:32:24.043Z,6.474e-05,2020-03-13T02:24:47.992Z,2022-02-24T23:12:27.028Z
telos,TLOS,Telos,NaN,0x7825e833d495f3d1c28872415a4aee339d26ac88,NaN,NaN,256716747.3489,355208370.6674,NaN,1.43,2022-02-07T22:19:46.965Z,0.00119321,2020-12-04T16:07:02.145Z,2022-02-24T23:14:07.541Z
tenset,10SET,Tenset,NaN,0x7ff4169a6b5122b664c51c95727d87750ec07c84,NaN,NaN,88030169.26464619,199056234.5,199056234.5,6.48,2021-05-30T05:40:19.103Z,0.839528,2021-04-02T09:00:30.568Z,2022-02-24T23:13:42.750Z
terra-luna,LUNA,Terra,NaN,NaN,NaN,NaN,382554032.168497,796071749.340115,1000000000.0,103.34,2021-12-27T02:13:02.051Z,0.121798,2020-03-18T17:03:01.083Z,2022-02-24T23:13:51.032Z
terrausd,UST,TerraUSD,NaN,NaN,NaN,NaN,12458794342.8327,12457280327.2791,NaN,1.092,2021-01-11T22:30:57.984Z,0.857992,2021-05-19T13:14:26.898Z,2022-02-24T23:14:21.638Z
tether,USDT,Tether,0xc2132d05d31c914a87c6611c10748aeb04b58e8f,0xdac17f958d2ee523a2206206994597c13d831ec7,0xc7198437980c041c805a1edcba50c1ce5db95118,Es9vMFrzaCERmJfrF4H2FYD4KCoNkY11McCe8BenwNYB,79474606868.8809,79474606868.8809,NaN,1.32,2018-07-24T00:00:00.000Z,0.572521,2015-03-02T00:00:00.000Z,2022-02-24T23:12:01.146Z
tether-eurt,EURT,Euro Tether,NaN,0xc581b735a1688071a1746c968e0798d642ede491,NaN,NaN,205998829.98,400000050.0,400000050.0,1.31,2021-09-02T00:28:44.121Z,1.047,2021-12-04T05:29:46.350Z,2022-02-24T23:13:08.702Z
tether-gold,XAUT,Tether Gold,NaN,0x68749665ff8d2d112fa859aa293f07a622782f38,NaN,NaN,226289.072,226289.072,NaN,2096.29,2021-05-19T12:57:30.922Z,1447.84,2020-03-19T13:45:41.821Z,2022-02-24T23:13:06.271Z
tezos,XTZ,Tezos,NaN,NaN,NaN,NaN,877931422.030755,NaN,NaN,9.12,2021-10-04T00:41:18.025Z,0.350476,2018-12-07T00:00:00.000Z,2022-02-24T23:13:46.331Z
the-graph,GRT,The Graph,0x5fe2b58c013d7601147dcdd68c143a77499f5531,0xc944e90c64b2c07662a292be6244bdf05cda44a7,0x8a0cac13c7da965a312f08ea4229c37869e85cb9,NaN,6157231561.0,10000000000.0,10000000000.0,2.84,2021-02-12T07:28:45.775Z,0.103254,2020-12-17T21:28:41.332Z,2022-02-24T23:14:06.902Z
the-sandbox,SAND,The Sandbox,0xbbba073c31bf03b8acf7c28ef0738decf3695683,0x3845badade8e6dff049820680d1f14bd3903a5d0,NaN,NaN,1088944772.2233226,3000000000.0,3000000000.0,8.4,2021-11-25T06:04:40.957Z,0.02897764,2020-11-04T15:59:14.441Z,2022-02-24T23:13:46.042Z
theta-fuel,TFUEL,Theta Fuel,NaN,NaN,NaN,NaN,0.0,5301200000.0,NaN,0.68159,2021-06-09T06:50:55.818Z,0.00090804,2020-03-13T02:30:37.972Z,2022-02-24T23:14:14.536Z
theta-token,THETA,Theta Network,NaN,NaN,NaN,NaN,1000000000.0,1000000000.0,NaN,15.72,2021-04-16T13:15:11.190Z,0.04039979,2020-03-13T02:24:16.483Z,2022-02-24T23:14:08.351Z
thorchain,RUNE,THORChain,NaN,NaN,NaN,NaN,300755174.9386705,500000000.0,500000000.0,20.87,2021-05-19T00:30:09.436Z,0.00851264,2019-09-28T00:00:00.000Z,2022-02-24T23:13:20.333Z
tokemak,TOKE,Tokemak,NaN,0x2e9d63788249371f1dfc918a52f8d799f4a38c94,NaN,NaN,9839422.727245606,100000000.0,100000000.0,79.02,2021-11-04T00:35:29.799Z,8.38,2021-08-07T09:59:23.245Z,2022-02-24T23:13:14.383Z
tomb,TOMB,Tomb,0x0e98c977b943f06075b2d795794238fbfb9b9a34,NaN,0xb84527d59b6ecb96f433029ecc890d4492c5dce1,NaN,142995089.321975,142995089.321975,NaN,17.82,2021-06-07T12:38:32.907Z,0.03824614,2021-09-05T20:57:43.477Z,2022-02-24T23:13:03.982Z
tomb-shares,TSHARE,Tomb Shares,NaN,NaN,NaN,NaN,39127.672143296,65585.45,70000.0,24382.0,2022-01-04T07:03:37.653Z,16.38,2021-09-05T20:32:34.366Z,2022-02-24T23:13:52.973Z
tribe-2,TRIBE,Tribe,NaN,0xc7283b66eb1eb5fb86327f08e1b5816b0720212b,NaN,NaN,455015530.80485964,1000000000.0,1000000000.0,2.45,2021-04-03T23:33:40.147Z,0.547699,2021-07-20T03:53:41.657Z,2022-02-24T23:13:22.272Z
tron,TRX,TRON,NaN,NaN,NaN,NaN,101757244838.332,101900409184.273,NaN,0.231673,2018-01-05T00:00:00.000Z,0.00180434,2017-11-12T00:00:00.000Z,2022-02-24T23:13:43.589Z
true-usd,TUSD,TrueUSD,0x2e1ad108ff1d8c782fcbbb89aad783ac49586756,0x0000000000085d4780b73119b644ae5ecd22b376,0x1c20e891bab6b1727d14da358fae2984ed9b59eb,NaN,1467676424.76053,1467676424.76053,NaN,1.62,2018-08-26T20:41:09.375Z,0.88355,2020-03-12T10:47:51.380Z,2022-02-24T23:14:18.773Z
trust-wallet-token,TWT,Trust Wallet Token,NaN,NaN,NaN,NaN,346951186.0,1000000000.0,NaN,1.64,2021-09-05T04:29:59.672Z,0.00277641,2020-06-09T09:15:06.983Z,2022-02-24T23:14:08.356Z
ufo-gaming,UFO,UFO Gaming,NaN,0x249e38ea4102d0cf8264d3701f1a0e39c4f2dc3b,NaN,NaN,25757575757575.0,25757575757575.0,25757575757575.0,5.569e-05,2021-11-25T13:49:41.018Z,3.5011e-07,2021-07-20T11:27:13.554Z,2022-02-24T23:14:06.157Z
ultra,UOS,Ultra,NaN,0xd13c7342e1ef687c5ad21b27c2b65d772cab5c8c,NaN,NaN,270391922.2376,1000000000.0,NaN,2.49,2021-11-25T07:59:48.825Z,0.02137354,2019-09-02T00:00:00.000Z,2022-02-24T23:12:44.437Z
uma,UMA,UMA,NaN,0x04fa0d235c4abf4bcf4787af4cf447de572ef828,0x3bd2b1c7ed8d396dbb98ded3aebb41350a5b2339,NaN,65359776.34040559,106242428.226372,106242428.226372,41.56,2021-02-04T11:27:11.433Z,0.303625,2020-04-29T17:00:41.760Z,2022-02-24T23:13:50.902Z
uniswap,UNI,Uniswap,0xb33eaad8d922b1083446dc23f610c2567fb5180f,0x1f9840a85d5af5bf1d1762f925bdaddc4201f984,0x8ebaf22b6f053dffeaf46f4dd9efa95d89ba8580,NaN,456489583.4010546,1000000000.0,1000000000.0,44.92,2021-05-03T05:25:04.822Z,1.03,2020-09-17T01:20:38.214Z,2022-02-24T23:13:41.865Z
usd-coin,USDC,USD Coin,0x2791bca1f2de4661ed88a30c99a7a9449aa84174,0xa0b86991c6218b36c1d19d4a2e9eb0ce3606eb48,0xb97ef9ef8734c71904d8002f8b6bc66dd9c48a6e,EPjFWdd5AufqSSqeM2qN1xzybapC8G4wEGGkZwyTDt1v,53134761705.6879,53121986560.0639,NaN,1.17,2019-05-08T00:40:28.300Z,0.891848,2021-05-19T13:14:05.611Z,2022-02-24T23:13:31.160Z
vechain,VET,VeChain,NaN,NaN,NaN,NaN,66760741299.0,86712634466.0,NaN,0.280991,2021-04-19T01:08:21.675Z,0.00191713,2020-03-13T02:29:59.652Z,2022-02-24T23:13:37.485Z
velas,VLX,Velas,NaN,0x8c543aed163909142695f2d2acd0d55791a9edb9,NaN,NaN,2266945509.8681,2266945511.33006,NaN,0.568966,2022-01-04T23:29:18.319Z,0.01225373,2019-10-16T00:00:00.000Z,2022-02-24T23:12:14.228Z
victoria-vr,VR,Victoria VR,NaN,0x7d5121505149065b562c789a0145ed750e6e8cdd,NaN,NaN,784606920.0,16800000000.0,NaN,0.615957,2021-12-10T18:45:35.946Z,0.16928,2022-02-24T13:49:34.623Z,2022-02-24T23:13:48.929Z
vulcan-forged,PYR,Vulcan Forged,0x430ef9263e76dae63c84292c3409d61c598e9682,0x430ef9263e76dae63c84292c3409d61c598e9682,NaN,NaN,23897700.0,50000000.0,50000000.0,49.24,2021-12-01T08:38:57.006Z,1.16,2021-06-22T12:55:49.177Z,2022-02-24T23:14:15.120Z
vvs-finance,VVS,VVS Finance,NaN,NaN,NaN,NaN,7826989068441.48,39613255427869.8,100000000000000.0,0.00033093,2021-11-15T10:53:45.925Z,2.291e-05,2022-01-24T14:15:32.201Z,2022-02-24T23:10:03.884Z
waves,WAVES,Waves,NaN,0x1cf4592ebffd730c7dc92c1bdffdfc3b9efcf29a,NaN,NaN,100000000.0,100000000.0,NaN,43.01,2021-05-04T06:49:41.528Z,0.130878,2016-08-02T00:00:00.000Z,2022-02-24T23:14:30.625Z
wax,WAXP,WAX,NaN,NaN,NaN,NaN,1958587852.19744,3770303327.0,3770303327.0,2.77,2018-01-09T00:00:00.000Z,0.01594711,2019-12-30T16:39:58.981Z,2022-02-24T23:14:17.322Z
wazirx,WRX,WazirX,0x72d6066f486bd0052eefb9114b66ae40e0a6031a,NaN,NaN,NaN,456517027.331867,1000000000.0,NaN,5.88,2021-04-05T06:58:37.399Z,0.04757088,2020-02-05T07:19:43.950Z,2022-02-24T23:14:15.874Z
wink,WIN,WINkLink,NaN,NaN,NaN,NaN,961737300000.0,999000000000.0,NaN,0.00289424,2021-04-05T20:24:01.448Z,4.185e-05,2020-03-13T02:23:00.686Z,2022-02-24T23:13:24.482Z
wonderland,TIME,Wonderland,NaN,NaN,0xb54f16fb19478766a268f172c9480f8da1a7c9c3,NaN,900255.24860699,2181772.99711992,956739.552054461,10063.72,2021-11-07T19:15:45.691Z,261.88,2022-01-27T17:54:06.427Z,2022-02-24T23:12:43.502Z
woo-network,WOO,WOO Network,0x1b815d120b3ef02039ee11dc2d33de7aa4a8c603,0x4691937a7508860f876c9c0a2a617e7d9e945d4b,0xabc9547b534519ff73921b1fba6e672b5f58d083,E5rk3nmgLUuKUiS94gg4bpWwWwyjCMtddsAXkTFLtHEy,907050335.817188,2989743329.7114,3000000000.0,1.78,2021-11-15T13:44:18.437Z,0.02211546,2021-01-04T10:19:13.803Z,2022-02-24T23:13:46.725Z
wrapped-bitcoin,WBTC,Wrapped Bitcoin,0x1bfd67037b42cf73acf2047067bd4f2c47d9bfd6,0x2260fac5e5542a773aa44fbcfedf7c193bc2c599,0x50b7545627a5162f82a992c33b87adc75187b218,NaN,263062.3168523,263062.3168523,263062.3168523,70643.0,2021-11-10T14:40:19.650Z,3139.17,2019-04-02T00:00:00.000Z,2022-02-24T23:14:21.256Z
xdce-crowd-sale,XDC,XDC Network,NaN,,NaN,NaN,12238141964.0,37599520715.0,NaN,0.192754,2021-08-21T04:39:48.324Z,0.00039532,2019-07-22T00:00:00.000Z,2022-02-24T23:11:41.577Z
xido-finance,XIDO,Xido Finance,NaN,0xf6650117017ffd48b725b4ec5a00b414097108a7,NaN,NaN,28314463.6406,100000000.0,NaN,481.05,2021-06-09T18:56:55.804Z,5.59,2022-01-22T23:25:30.083Z,2022-02-24T23:12:54.055Z
xsgd,XSGD,XSGD,NaN,0x70e8de73ce538da2beed35d14187f6959a8eca96,NaN,NaN,253321142.525912,25896139.87,NaN,1.36,2021-11-14T11:25:59.333Z,0.620483,2021-05-19T13:21:15.750Z,2022-02-24T23:13:09.333Z
xsushi,XSUSHI,xSUSHI,NaN,0x8798249c2e607446efb7ad49ec89dd1865ff4272,NaN,NaN,57582038.2605711,57582038.2605711,NaN,26.33,2021-03-13T23:01:02.266Z,3.53,2022-02-24T11:19:47.112Z,2022-02-24T23:13:00.647Z
xyo-network,XYO,XYO Network,NaN,0x55296f69f40ea6d20e478533c15a6b08b654e758,NaN,NaN,12463715145.674498,13931233275.0,NaN,0.081391,2021-11-06T04:44:55.346Z,9.672e-05,2020-03-13T02:24:24.303Z,2022-02-24T23:13:50.877Z
yearn-finance,YFI,yearn.finance,0xda537104d6a5edd53c6fbba9a898708e465260b6,0x0bc529c00c6401aef6d220be8c6ea1667f6ad93e,0x9eaac1b23d935365bd7b542fe22ceee2922f52dc,NaN,35692.624968711796,36666.0,36666.0,90787.0,2021-05-12T00:29:37.713Z,31.65,2020-07-18T12:26:27.150Z,2022-02-24T23:14:05.072Z
yield-guild-games,YGG,Yield Guild Games,NaN,0x25f8087ead173b73d6e8b84329989a8eea16cf73,NaN,NaN,87906250.0,1000000000.0,1000000000.0,11.17,2021-11-20T16:49:03.371Z,0.964722,2021-07-29T03:27:56.715Z,2022-02-24T23:14:02.831Z
yoshi-exchange,YOSHI,Yoshi.exchange,NaN,NaN,NaN,NaN,130877918.110736,153000000.0,1000000000.0,2.19,2022-01-17T00:24:24.345Z,0.704877,2021-12-20T14:36:59.711Z,2022-02-24T23:11:47.907Z
zcash,ZEC,Zcash,NaN,NaN,NaN,NaN,12158812.6662968,21000000.0,21000000.0,3191.93,2016-10-29T00:00:00.000Z,19.75,2020-03-13T02:20:55.002Z,2022-02-24T23:13:28.608Z
zelcash,FLUX,Flux,NaN,NaN,NaN,NaN,227369517.249574,440000000.0,NaN,3.33,2022-01-03T10:18:02.680Z,0.01640374,2021-01-13T05:29:57.987Z,2022-02-24T23:11:54.855Z
zencash,ZEN,Horizen,NaN,NaN,NaN,NaN,12102543.75,21000000.0,NaN,165.92,2021-05-08T06:00:30.087Z,3.26,2019-10-17T00:00:00.000Z,2022-02-24T23:13:51.333Z
zenon,ZNN,Zenon,NaN,NaN,NaN,NaN,0.0,415154.8,NaN,74.93,2021-11-01T22:41:07.171Z,0.144582,2020-11-24T06:29:46.719Z,2022-02-24T23:13:52.666Z
zilliqa,ZIL,Zilliqa,NaN,NaN,NaN,NaN,13980821809.9605,21000000000.0,NaN,0.255376,2021-05-06T17:33:45.940Z,0.00239616,2020-03-13T02:22:55.161Z,2022-02-24T23:13:32.517Z
zipmex-token,ZMT,Zipmex Token,NaN,0xaa602de53347579f86b996d2add74bb6f79462b2,NaN,NaN,87683045.14,200000000.0,200000000.0,5.88,2021-04-15T03:31:38.559Z,0.201346,2021-11-13T23:08:53.988Z,2022-02-24T23:13:14.212Z
